embedding,n_neighbors,min_cluster_size,min_samples,topics_num,not_found,support,c_v,u_mass,c_su,c_cu
sbert-default,5,10,10,1896,185944,None,None,None,0.3431220219598094,0.612756040062805
sbert-default,5,20,10,971,37618,92994,0.39334856878715785,-1.4925285138127469,0.33383769243701517,0.6153957174346594
sbert-default,5,20,20,652,37664,82498,0.39115328687337636,-1.3148604954535683,0.3140794223826715,0.6048638705244154
sbert-default,5,50,10,374,36510,76900,0.37952239024894757,-1.0036179985489841,0.3087849084520067,0.5819793205317577
sbert-default,5,50,25,282,35409,71113,0.39695291813561595,-0.9255211582640142,0.32886209738675115,0.5656062573814657
sbert-default,5,50,50,222,36598,68153,0.40743658481627604,-0.8570882249297397,0.33130563798219587,0.5868389286906082
sbert-default,5,100,1,300,34016,72336,0.3765986961727815,-0.8314971310135619,0.3129351155666945,0.5436226201829677
sbert-default,5,100,10,197,36286,66161,0.37756964629383705,-0.797834564021845,0.3004313455631829,0.5704279636828794
sbert-default,5,100,50,154,35934,63831,0.3765048962062227,-0.7364120693347128,0.3271880189433545,0.5728764617334487
sbert-default,5,100,100,119,34490,62166,0.3767112623248437,-0.6350959135378766,0.3128163995213738,0.5404289329958705
sbert-default,10,10,10,922,38732,81462,0.41260140816779933,-1.4389081835643054,0.36275771919748073,0.6347148659826907
sbert-default,10,20,10,503,37566,76326,0.40651180630180545,-1.1866589838452146,0.34613099398853625,0.6066053631678849
sbert-default,10,20,20,351,36350,70916,0.3960722670540102,-1.0371084241998365,0.31579274546980385,0.5724193673485216
sbert-default,10,50,10,248,36756,70075,0.3984929497120487,-0.9048858031008001,0.34241430890168995,0.5905373593881091
sbert-default,10,50,25,204,36529,66854,0.37553308840080574,-0.8760492682215889,0.3438762194743056,0.5875504261825754
sbert-default,10,50,50,177,36227,65716,0.38964005626146925,-0.8194754927897097,0.37094582875643173,0.5927380689682842
sbert-default,10,100,1,210,33961,67020,0.38467993537742856,-0.7863876773738102,0.33206167771508144,0.54290857246197
sbert-default,10,100,10,154,36416,64214,0.3786794671001935,-0.7648454743228086,0.33386315355106905,0.5817021846502246
sbert-default,10,100,50,118,35156,61984,0.37059427009630624,-0.6815949380533259,0.3800985509556255,0.5807914706904889
sbert-default,10,100,100,5,100,58355,0.6801785485264977,1.0000889005818412e-12,0.9962221843086597,0.9953454717493094
sbert-default,15,10,10,738,41040,77105,0.405061516958429,-1.357117223966088,0.3407361710878059,0.6697100694654671
sbert-default,15,20,10,425,40655,73822,0.38948114149995305,-1.1428140012701098,0.3566122799484757,0.6663891503173339
sbert-default,15,20,20,312,39708,70262,0.3920079553333176,-1.009897270182187,0.3698568789535556,0.650658015352363
sbert-default,15,50,10,211,38381,67782,0.3800637713464638,-0.8800747802285152,0.3933367898178656,0.6370271111004762
sbert-default,15,50,25,9,100,58595,0.727616329416676,-0.0919236086962056,0.9963344692297508,0.9951245824053452
sbert-default,15,50,50,146,36002,64223,0.38210621322007876,-0.7770904866967818,0.3833267772608277,0.5940880309124634
sbert-default,15,100,1,172,32995,65578,0.3773406559636321,-0.7286518246971623,0.37352567031826994,0.5434149564422983
sbert-default,15,100,10,129,37066,63255,0.37690800031162763,-0.7136802409030123,0.38917924610937543,0.6133331751793071
sbert-default,15,100,50,6,61,58416,0.6533673649498766,-0.02578547703950656,0.9954379847793634,0.9952441256079656
sbert-default,15,100,100,6,100,58442,0.7264933283513031,-0.03857134692625385,0.9958468377829842,0.995299463491688
sbert-default,20,10,10,22,146,58766,0.7144652251625466,-0.28245961156305344,0.997710927876781,0.9952869102111144
sbert-default,20,20,10,15,144,58720,0.612398825771692,-0.207245188599463,0.9976588068637782,0.9952975983292726
sbert-default,20,20,20,14,156,58695,0.6111227711444377,-0.33334841314185765,0.9978189635016628,0.9952664204741237
sbert-default,20,50,10,9,100,58586,0.7183102088593425,-0.09128674302195974,0.9965844137738743,0.9951833896547284
sbert-default,20,50,25,9,100,58572,0.7082232238475599,-0.15984523175700466,0.9966712444317414,0.9951418469333779
sbert-default,20,50,50,7,100,58488,0.6445242693692085,-0.054464285387367216,0.9959144863328596,0.9951244975726888
sbert-default,20,100,1,5,100,58344,0.6626921700302617,1.0000889005818412e-12,0.9959988856774733,0.995309982986511
sbert-default,20,100,10,5,100,58334,0.6917921624549227,1.0000889005818412e-12,0.9963354141121391,0.9953688722803867
sbert-default,20,100,50,5,100,58360,0.7333938433843334,1.0000889005818412e-12,0.9962053563657758,0.9955226995999304
sbert-default,20,100,100,5,100,58351,0.7496653670361018,1.0000889005818412e-12,0.9963545075973872,0.9955053678153722
sbert-lexrank-top1,5,None,None,None,None,None,None,None,None,None
sbert-lexrank-top1,10,None,None,None,None,None,None,None,None,None
sbert-lexrank-top1,15,10,10,995,34462,86683,0.42397175222334355,-1.556736119578779,0.2671808185705559,0.5401845652601994
sbert-lexrank-top1,15,20,10,568,29214,79551,0.4374091585417085,-1.2757136833081275,0.2956434147569882,0.454527447163994
sbert-lexrank-top1,15,20,20,444,27368,74753,0.4412186721375803,-1.1616732338484517,0.29319425061375004,0.42699012848368717
sbert-lexrank-top1,15,50,10,292,27880,71653,0.4004811441231399,-0.9826734163635032,0.2913220538225786,0.4328391445480785
sbert-lexrank-top1,15,50,25,251,26582,69018,0.4277424952943486,-0.9219342542032329,0.2930118750546175,0.4129565165584333
sbert-lexrank-top1,15,50,50,214,26946,67106,0.42853882594212145,-0.8682803848299482,0.29679159731389543,0.41884379628192275
sbert-lexrank-top1,15,100,1,285,29322,70028,0.39544767737237246,-0.9049335107021838,0.2552910052910053,0.4448020392070565
sbert-lexrank-top1,15,100,10,182,27123,64967,0.4004123634068157,-0.7845742721310286,0.29688453287673927,0.42602036494248
sbert-lexrank-top1,15,100,50,141,23809,62831,0.4306696863991604,-0.6744158141894078,0.3048199672667758,0.3868012409445151
sbert-lexrank-top1,15,100,100,127,23599,62299,0.42247674650794914,-0.6445480039237159,0.2981257119188154,0.3797767158276345
sbert-lexrank-top1,20,10,10,905,174548,84182,0.41800621309273367,-1.5138585435718233,0.27524873547885054,0.5471493013532842
sbert-lexrank-top1,20,20,10,582,170249,80322,0.4273667143764396,-1.3243798864334135,0.2741222812125364,0.5304942397326532
sbert-lexrank-top1,20,20,20,390,141916,73242,0.44216074144112316,-1.1416691562515282,0.287742575485151,0.4376621298386282
sbert-lexrank-top1,20,50,10,313,166167,72492,0.4140025057360673,-1.0240783169603218,0.27083823414098646,0.515670013857984
sbert-lexrank-top1,20,50,25,218,130313,67650,0.42523641373002885,-0.9005153066278894,0.28201595358955767,0.40214927167745895
sbert-lexrank-top1,20,50,50,175,119157,65288,0.43317174781387136,-0.8052243900350706,0.2910917051772837,0.37736176615259975
sbert-lexrank-top1,20,100,1,265,151123,69032,0.39444544990186065,-0.9098694935741324,0.2604941199447568,0.46276055880588396
sbert-lexrank-top1,20,100,10,210,158513,66387,0.4025112376741204,-0.8336795252797319,0.2762602161154078,0.4877886843544146
sbert-lexrank-top1,20,100,50,132,126116,62486,0.4200558244989047,-0.6871379757821338,0.2919039939610211,0.3943234492654143
sbert-lexrank-top1,20,100,100,122,125570,62076,0.4350038731601208,-0.6850333859123444,0.29623570653534764,0.3967704210147535
sbert-lexrank-top5,10,10,10,1333,169948,None,None,None,0.40929608792359023,0.5716509481135562
sbert-lexrank-top5,10,20,10,788,163483,87936,0.4688464067857759,-1.4223598878555619,0.40783185840707964,0.5517305787708721
sbert-lexrank-top5,10,20,20,606,151789,81914,0.4775927497398519,-1.3068195499637505,0.40431289640591966,0.5174210954562973
sbert-lexrank-top5,5,10,10,2140,161096,None,None,None,0.36266199143275435,0.5310851474849543
sbert-lexrank-top5,5,20,10,1131,153871,None,None,None,0.379271314509468,0.5138015726094687
sbert-lexrank-top5,5,20,20,836,150101,91329,0.47322784234187265,-1.4139348092227837,0.3737871146234595,0.49975960896391464
sbert-lexrank-top5,5,50,10,498,142758,83125,0.43568426707586067,-1.1902554367498166,0.40223695617666094,0.49503299415225593
sbert-lexrank-top5,5,50,25,433,148144,78955,0.4318503307648888,-1.161214522639346,0.3710577465671829,0.4935358502538071
sbert-lexrank-top5,5,50,50,333,135451,72749,0.4193428077155138,-1.082330671649324,0.3913034404315931,0.47199930557062564
sbert-lexrank-top5,5,100,1,369,124453,74866,0.41632490455947385,-1.0398555768271074,0.4200836730773336,0.46174586814885704
sbert-lexrank-top5,5,100,10,297,134392,70203,0.40862200252221664,-1.0360749495135984,0.41412544075221713,0.48206948487477486
sbert-lexrank-top5,5,100,50,203,111536,65105,0.3968280100378394,-0.8896690394662133,0.41080084213275014,0.4340875974972144
sbert-lexrank-top5,5,100,100,199,131812,64615,0.390290342599088,-0.9350132657145696,0.4284180043342347,0.48559460997969395
sbert-lexrank-top5,10,50,10,387,148930,76951,0.4308638837663787,-1.1331844558217843,0.40820248098329714,0.5127781099337243
sbert-lexrank-top5,10,50,25,358,157413,74387,0.42841182988316084,-1.1646166135087073,0.4039898001236349,0.5348092072660162
sbert-lexrank-top5,10,50,50,297,143972,70675,0.40414655219653456,-1.0911013252991553,0.41613721621094174,0.5044718764877916
sbert-lexrank-top5,10,100,1,295,129452,70399,0.40839654337403464,-1.0328491238390534,0.43161121450680257,0.4779934611137059
sbert-lexrank-top5,10,100,10,230,139647,66246,0.41315654443682964,-0.9957556308133576,0.4477823083964384,0.5130201902361347
sbert-lexrank-top5,10,100,50,183,123162,63942,0.41488113429825435,-0.8964840293871741,0.4402712663494269,0.4723940415868766
sbert-lexrank-top5,10,100,100,161,117952,63037,0.42734664039599135,-0.8447513266819101,0.4187587613100548,0.4519075034927281
sbert-lexrank-top5,15,10,10,1132,180465,None,None,None,0.3914403903266865,0.5971069299710863
sbert-lexrank-top5,15,20,10,696,173951,85494,0.47355259111299514,-1.3685304630727986,0.4373983739837398,0.5945353155129123
sbert-lexrank-top5,15,20,20,563,166568,80180,0.4687949851999536,-1.313847465434964,0.4151898030385166,0.5638593195135411
sbert-lexrank-top5,15,50,10,365,157272,75100,0.43526580423804556,-1.1270792241949115,0.4445290081097941,0.5515125890535484
sbert-lexrank-top5,15,50,25,323,156678,72014,0.42665071331496535,-1.1124360642526807,0.42612241907715603,0.5417682092724709
sbert-lexrank-top5,15,50,50,245,141331,67734,0.427330222042724,-0.9942273205187511,0.43086577973066437,0.5044865027899261
sbert-lexrank-top5,15,100,1,295,146673,70171,0.4106550782106335,-1.0714197056668417,0.3969186143274923,0.5024056866430013
sbert-lexrank-top5,15,100,10,206,141583,65301,0.4241148790286315,-0.9381344216429386,0.45642539122321274,0.5212094371863916
sbert-lexrank-top5,15,100,50,182,134081,64055,0.40303488196246107,-0.907015889181539,0.4532794249775382,0.501081002270313
sbert-lexrank-top5,15,100,100,149,123281,62508,0.4148299641049378,-0.8440576564438321,0.4322701688555347,0.46967809016116124
sbert-lexrank-top5,20,10,10,1019,174684,None,None,None,0.40310189649630346,0.5824065826865166
sbert-lexrank-top5,20,20,10,640,171719,82301,0.46701640419390744,-1.3478332453446105,0.3987791242331752,0.5714979538226984
sbert-lexrank-top5,20,20,20,495,167793,76678,0.46123061390201364,-1.261960639565789,0.407143253593828,0.5629589931250472
sbert-lexrank-top5,20,50,10,330,158205,72798,0.43288961310572893,-1.1224095749471654,0.4168220117813735,0.5415481699621372
sbert-lexrank-top5,20,50,25,282,143166,69830,0.4273495494734975,-1.0255878697809826,0.43295504458767886,0.5138822961167878
sbert-lexrank-top5,20,50,50,227,127898,66888,0.44358104362962697,-0.9352855642283934,0.4439227319402147,0.48536485157349113
sbert-lexrank-top5,20,100,1,265,144576,68293,0.39553905809511253,-0.9910116786677303,0.42982575397095146,0.5132728103527059
sbert-lexrank-top5,20,100,10,204,144744,64942,0.4126526398242447,-0.9766326360043156,0.4455413276141214,0.5226247562618731
sbert-lexrank-top5,20,100,50,166,122429,63346,0.3997433299428327,-0.8437900139179133,0.45533045223285284,0.48209963632451935
sbert-lexrank-top5,20,100,100,146,116951,62447,0.39543840716081774,-0.8407016270547146,0.41358140847720753,0.4442875671061056
sbert-lexrank-weighted,5,10,10,2215,155735,None,None,None,0.4958449598219051,0.5694488560564122
sbert-lexrank-weighted,5,20,10,1169,145094,None,None,None,0.48518595572307954,0.5409709803643832
sbert-lexrank-weighted,5,20,20,881,145665,93100,0.4583847460544644,-1.36707805017108,0.4951165501165501,0.5507016357044977
sbert-lexrank-weighted,5,50,10,512,134962,84702,0.43103509340679586,-1.186536371666404,0.4973283462463265,0.5266948969450805
sbert-lexrank-weighted,5,50,25,396,134052,77868,0.43091948556841175,-1.1212081257702091,0.5092726349900442,0.5356189667974965
sbert-lexrank-weighted,5,50,50,320,137559,73008,0.43413306707474786,-1.0779079093106634,0.502727646012162,0.5402638372292489
sbert-lexrank-weighted,5,100,1,361,124682,75107,0.41130757899453285,-1.0180121898894094,0.4895880938661156,0.5037415481100728
sbert-lexrank-weighted,5,100,10,271,132201,69974,0.41247892587089036,-1.0046431675772112,0.5061920532943621,0.5285357600030418
sbert-lexrank-weighted,5,100,50,201,123010,65702,0.42174482951639597,-0.90572150397369,0.504470731274855,0.511998703516711
sbert-lexrank-weighted,5,100,100,169,129006,63643,0.3847238613648849,-0.8587498035832152,0.5017109195651233,0.525623973727422
sbert-lexrank-weighted,10,10,10,1293,170935,None,None,None,0.5031283985141872,0.6139720393028522
sbert-lexrank-weighted,10,20,10,729,162427,86575,0.46796706107775693,-1.3442623308368196,0.5130136048494505,0.5984879190689287
sbert-lexrank-weighted,10,20,20,574,161807,80516,0.4733476035750034,-1.251634748008522,0.49778938418559454,0.5898308848018354
sbert-lexrank-weighted,10,50,10,365,155211,76004,0.42879852179550515,-1.1375098496263196,0.5123207308471692,0.5810183570200315
sbert-lexrank-weighted,10,50,25,312,151126,72325,0.42501457969945755,-1.0832781595431211,0.5017271247834532,0.5684836633260002
sbert-lexrank-weighted,10,50,50,247,144339,68486,0.41886539286111374,-1.0044363845159425,0.5190378641430317,0.566413811777353
sbert-lexrank-weighted,10,100,1,274,130600,70121,0.420443884123452,-1.0056450097433678,0.5047292284866469,0.5234008539997055
sbert-lexrank-weighted,10,100,10,201,135032,65939,0.4121375013016115,-0.9623607018189992,0.5260565206118745,0.5486950055466836
sbert-lexrank-weighted,10,100,50,163,136181,63610,0.39596156868033494,-0.9035841485253775,0.5288271785205441,0.5574129545527748
sbert-lexrank-weighted,10,100,100,126,110932,61885,0.3939889679201556,-0.7497449686233509,0.5173232083531086,0.5101320738073662
sbert-lexrank-weighted,15,10,10,1048,176046,None,None,None,0.49812884447184663,0.6278337377153641
sbert-lexrank-weighted,15,20,10,658,177833,83809,0.46300323641350694,-1.3086428472223555,0.5020020379167325,0.6343584813043355
sbert-lexrank-weighted,15,20,20,494,165271,77032,0.46187841271979696,-1.214935738194318,0.4989719804915368,0.6003169942811973
sbert-lexrank-weighted,15,50,10,338,166685,74029,0.42846877315478094,-1.1119058511209539,0.503969463787027,0.605599463949818
sbert-lexrank-weighted,15,50,25,286,161399,70730,0.4380295252487271,-1.0778146800865829,0.504876514078968,0.5963563175071567
sbert-lexrank-weighted,15,50,50,228,156457,67409,0.45116669314936075,-1.0158705654913562,0.5172788246566592,0.5907449490395059
sbert-lexrank-weighted,15,100,1,214,120597,66849,0.42106459752148834,-0.8909783591384334,0.5359583495271408,0.5300528035174951
sbert-lexrank-weighted,15,100,10,172,137225,64466,0.410029427330853,-0.9100744278897215,0.5385277733846451,0.5621043291981072
sbert-lexrank-weighted,15,100,50,155,141932,63497,0.42784174519441787,-0.8857112410580734,0.5396202300529487,0.570936685831016
sbert-lexrank-weighted,15,100,100,125,132242,61782,0.36726278704924165,-0.7887753872837819,0.542174335976786,0.558417008419579
sbert-lexrank-weighted,20,10,10,958,183047,85386,0.4670060161518748,-1.4109458792957468,0.49106290080502113,0.6418721000605204
sbert-lexrank-weighted,20,20,10,570,170576,80357,0.46035519314477225,-1.2491107342561394,0.4927796011108306,0.6107590610449454
sbert-lexrank-weighted,20,20,20,428,160220,74616,0.45571578744231633,-1.171137226144384,0.5219120014896437,0.6040173654892822
sbert-lexrank-weighted,20,50,10,308,155995,72361,0.44037581039696344,-1.077259063966658,0.5192021276595745,0.5901453743962807
sbert-lexrank-weighted,20,50,25,236,146632,67762,0.43697250285008393,-1.0142736873804394,0.5257937854476707,0.5758063997685668
sbert-lexrank-weighted,20,50,50,210,152949,66749,0.41845471405327583,-1.0028862818607787,0.5076437388338476,0.5776041001405032
sbert-lexrank-weighted,20,100,1,219,134265,67100,0.4069305482630725,-0.9517853574150966,0.5225794797687862,0.54675796431365
sbert-lexrank-weighted,20,100,10,174,148987,64190,0.3849193200298944,-0.9428177004951688,0.519791768981436,0.5738506540537729
sbert-lexrank-weighted,20,100,50,136,137453,62370,0.4197384782409881,-0.8292909610697252,0.5313628296921853,0.5583295813593966
sbert-lexrank-weighted,20,100,100,128,146128,61784,0.38957506381331636,-0.8352425061119936,0.5136850643226317,0.5665949330331393
ma,5,None,None,None,None,None,None,None,None,None
ma,10,None,None,None,None,None,None,None,None,None
ma,15,None,None,None,None,None,None,None,None,None
ma,20,None,None,None,None,None,None,None,None,None
sbert-mean,5,10,10,2062,151790,None,None,None,0.5093700546933563,0.5663109448384449
sbert-mean,5,20,10,1063,141618,None,None,None,0.5066088299418605,0.54511677514392
sbert-mean,5,20,20,814,152206,90631,0.443656609398122,-1.3653223477060572,0.5071085998804047,0.5700104627628555
sbert-mean,5,50,10,471,138952,82458,0.44289826174501523,-1.1302945594809952,0.5055105997386943,0.5389388581825671
sbert-mean,5,50,25,379,139983,76535,0.4311396520294548,-1.0847132413951024,0.49432431881636063,0.5389153179422138
sbert-mean,5,50,50,306,137669,72235,0.4262394582960053,-1.0171466548767676,0.4987577280869013,0.5365340911451517
sbert-mean,5,100,1,290,108633,71075,0.4053471571649534,-0.9188778868576049,0.49752355294175626,0.4829955072615192
sbert-mean,5,100,10,251,129211,68833,0.41415680975276,-0.9548169261593807,0.4952842212592404,0.5172940470545782
sbert-mean,5,100,50,189,130519,65172,0.4136050407566802,-0.8985987973241285,0.503670827229907,0.5274550347906
sbert-mean,5,100,100,159,130629,63584,0.39611115578359923,-0.872294939688403,0.505895424048507,0.530588928869102
sbert-mean,10,10,10,1169,168708,None,None,None,0.5295497620909488,0.6221437149390495
sbert-mean,10,20,10,701,166099,85121,0.45602021572807677,-1.3040025033848757,0.5265431238679114,0.6155128966831247
sbert-mean,10,20,20,508,151029,77674,0.4628986546077776,-1.2005343019967254,0.5154961879377673,0.5766112703889078
sbert-mean,10,50,10,330,144545,73780,0.4382909339075483,-1.0450217112241567,0.5246430982690633,0.5687274531574731
sbert-mean,10,50,25,279,145866,70621,0.4364032868746319,-1.0409625770751334,0.5234324074524492,0.5718736882890446
sbert-mean,10,50,50,227,141800,67768,0.42637269078763784,-0.9945999504386263,0.521604909744623,0.5610922022251834
sbert-mean,10,100,1,266,134045,69818,0.4155199399205877,-0.9935293155615201,0.5099183418275516,0.5373409852946717
sbert-mean,10,100,10,187,138033,65453,0.401850595878935,-0.9290011563137659,0.5307570764299581,0.560771743074876
sbert-mean,10,100,50,161,134920,63931,0.3992550983128292,-0.8927943275644555,0.5301920205562693,0.5539055824979844
sbert-mean,10,100,100,127,119106,62137,0.4136618881484113,-0.8038188551471019,0.5268546061274103,0.5284942891781521
sbert-mean,15,10,10,911,169715,83360,0.47220235220974016,-1.404987555538164,0.5206718674561025,0.6201616195916255
sbert-mean,15,20,10,553,165919,78717,0.46340868504564353,-1.2428261587930949,0.5270832085305218,0.6153487005485991
sbert-mean,15,20,20,477,172864,76923,0.44238212610976946,-1.2020526381320573,0.492085655170663,0.6193308372119015
sbert-mean,15,50,10,263,145584,70260,0.4304279866184928,-1.0152118073335936,0.5352903601018238,0.5777327253932513
sbert-mean,15,50,25,230,143620,68128,0.4239346465091454,-0.9836650764473489,0.5068291290212656,0.5584359257991867
sbert-mean,15,50,50,185,137601,65468,0.438489521372837,-0.9069625491183635,0.5350075770184214,0.5634196304739435
sbert-mean,15,100,1,212,128240,67092,0.41935591902138947,-0.9021792071342424,0.5316319102470775,0.540390576692342
sbert-mean,15,100,10,161,134317,64104,0.41201363944100794,-0.8672519468128204,0.5472619017197762,0.5626796127340197
sbert-mean,15,100,50,141,135507,62689,0.42616063006392174,-0.8682290585250227,0.5357695614789338,0.5595835309024693
sbert-mean,15,100,100,117,125059,61361,0.4055914919944812,-0.7753087079130673,0.5414093415887152,0.5466502227880331
sbert-mean,20,10,10,857,180243,82782,0.4693726289321672,-1.394536793197411,0.5063327329387883,0.6423246908079336
sbert-mean,20,20,10,515,164058,77945,0.4536944212370613,-1.2037579727611885,0.5079473179966064,0.6025625620814509
sbert-mean,20,20,20,403,161256,73693,0.45100268112121034,-1.1557019544807015,0.5035846833254408,0.5935224864985423
sbert-mean,20,50,10,276,159503,71075,0.4250259016667264,-1.057047315034984,0.5111425001358179,0.5940784485854514
sbert-mean,20,50,25,226,151423,67843,0.42632671001095873,-1.002191068775712,0.5346336559500109,0.5910777423719935
sbert-mean,20,50,50,190,146848,65945,0.4342887552087284,-0.9435376022089919,0.5401204313121412,0.5843262119967132
sbert-mean,20,100,1,212,133421,67276,0.41415454799374546,-0.9264373070697517,0.5228646598678364,0.5466921646487531
sbert-mean,20,100,10,157,140080,64025,0.41749604465821494,-0.8617516788769848,0.5437288914823263,0.5725036856205317
sbert-mean,20,100,50,130,137358,62239,0.4171423012588101,-0.813330294302938,0.5427146069739189,0.5648471460129695
sbert-mean,20,100,100,121,137663,61846,0.40939034925330053,-0.7971319033820994,0.5443264393515931,0.568324232917954
sbert-tf-idf-top1,5,None,None,None,None,None,None,None,None,None
sbert-tf-idf-top1,10,None,None,None,None,None,None,None,None,None
sbert-tf-idf-top1,15,10,10,1302,162583,None,None,None,0.22770161730532293,0.4839542767887254
sbert-tf-idf-top1,15,20,10,752,159697,84777,0.4206055167968304,-1.4836583544876223,0.22954247596047653,0.4740284996994449
sbert-tf-idf-top1,15,20,20,566,161029,79208,0.4207338038240828,-1.3794304823774575,0.23085034587481018,0.47700053728963376
sbert-tf-idf-top1,15,50,10,326,158131,74664,0.4151865542141879,-1.036530011886562,0.22211031302181347,0.46018952652811684
sbert-tf-idf-top1,15,50,25,273,162760,71264,0.42967110412391196,-0.9778171378330586,0.21607719660161234,0.4741832971016034
sbert-tf-idf-top1,15,50,50,232,157454,68901,0.4165024979997785,-0.8670775449936431,0.22658684097990103,0.45580584156335363
sbert-tf-idf-top1,15,100,1,261,155372,69672,0.38375806122404854,-0.7916274950152324,0.17710544410894197,0.44426554260024786
sbert-tf-idf-top1,15,100,10,169,142025,65361,0.410115927054254,-0.7010478584236401,0.21005042601286733,0.39750404534135975
sbert-tf-idf-top1,15,100,50,129,138937,63000,0.40030261463908257,-0.6234679815515027,0.2097754067548839,0.3844691670918157
sbert-tf-idf-top1,15,100,100,103,133838,61687,0.434920508754284,-0.5133969070333478,0.21544937388823332,0.3690633700495954
sbert-tf-idf-top1,20,10,10,1288,190075,None,None,None,0.1942450329153138,0.6002951777140826
sbert-tf-idf-top1,20,20,10,665,163287,82081,0.42709535800660375,-1.4462845713244419,0.23407328239864816,0.4867970237065236
sbert-tf-idf-top1,20,20,20,511,161868,77664,0.42594208138797784,-1.36203443655866,0.23161172261218693,0.47876428051859143
sbert-tf-idf-top1,20,50,10,296,159825,73043,0.4175201832832542,-0.9570576534884754,0.23615000846695933,0.47061874516406055
sbert-tf-idf-top1,20,50,25,245,160002,69757,0.4092853179880675,-0.8916324596444076,0.22699778769549483,0.4671912464962345
sbert-tf-idf-top1,20,50,50,220,161647,68059,0.4093624235224066,-0.8632112749842241,0.2268261755024144,0.4717585114639928
sbert-tf-idf-top1,20,100,1,27,2119,59575,0.5306841718861818,-0.26659271468295775,0.9713762748561335,0.9644295041056475
sbert-tf-idf-top1,20,100,10,144,142227,63846,0.3977418214622307,-0.6383841165918089,0.20834542743041307,0.39656324305033963
sbert-tf-idf-top1,20,100,50,136,152855,63259,0.396373646080191,-0.6384936363553827,0.21307145496837027,0.4319163436904684
sbert-tf-idf-top1,20,100,100,108,144273,61766,0.38395982798485234,-0.5455324217994053,0.21165377939087895,0.40155670351873896
sbert-tf-idf-top5,5,10,10,1751,170864,None,None,None,0.4328620401480395,0.5816622801063285
sbert-tf-idf-top5,5,20,10,922,165115,91921,0.4376565266440726,-1.4699830867788075,0.43722191118837844,0.5658412873674268
sbert-tf-idf-top5,5,20,20,671,171853,84055,0.4467306494262074,-1.3432410510232364,0.4457259653989342,0.5879205627986106
sbert-tf-idf-top5,5,50,10,379,151077,76684,0.42524773502484814,-1.0748882822243848,0.44655005412796994,0.5333977482776004
sbert-tf-idf-top5,5,50,25,327,165330,73970,0.4268209204123017,-1.082228891813195,0.4515639426786234,0.5718705828210775
sbert-tf-idf-top5,5,50,50,258,162205,69706,0.41595519362095834,-1.0372679879292535,0.4407690766129508,0.5601478562869386
sbert-tf-idf-top5,5,100,1,284,134862,71086,0.401697906549123,-0.911174147687011,0.4403235765040761,0.4920793846341368
sbert-tf-idf-top5,5,100,10,208,149433,66981,0.42139353852436423,-0.9166325926916424,0.4455455111550106,0.5298953384030732
sbert-tf-idf-top5,5,100,50,168,155491,64229,0.3864467634771181,-0.8936140827757508,0.44779190400901,0.5490141323879365
sbert-tf-idf-top5,5,100,100,99,84934,61348,0.41594973535052215,-0.7285355662460677,0.4654761289136343,0.43540194132689575
sbert-tf-idf-top5,10,10,10,956,183206,83394,0.4536786492978177,-1.4748525876465817,0.43139944806903924,0.6168092914531381
sbert-tf-idf-top5,10,20,10,521,170760,77713,0.4479800268149622,-1.2367366808488625,0.4610588219850615,0.5916837193407837
sbert-tf-idf-top5,10,20,20,403,171946,73578,0.4535514742516075,-1.1473919287882361,0.46389684813753584,0.5977894796352682
sbert-tf-idf-top5,10,50,10,278,164865,71060,0.4291683497979759,-1.051005831587498,0.46697283093464476,0.5810611464142135
sbert-tf-idf-top5,10,50,25,231,160668,68304,0.4034563950015434,-1.0210377918347755,0.47142040422836773,0.5738957597173144
sbert-tf-idf-top5,10,50,50,205,159403,66673,0.41788191482657944,-0.9674506988083621,0.469314831256234,0.5684907926341073
sbert-tf-idf-top5,10,100,1,213,140321,66919,0.40109985023177763,-0.9091204660190259,0.4603715597233988,0.516655601659751
sbert-tf-idf-top5,10,100,10,169,157660,64396,0.390996167486192,-0.9293813086777286,0.4735459499359545,0.5665899256294975
sbert-tf-idf-top5,10,100,50,143,154290,62822,0.38474512770665004,-0.8657586884780929,0.44990311766334157,0.5453860865407603
sbert-tf-idf-top5,10,100,100,113,105132,62034,0.410352272713312,-0.8013102480863425,0.4592107795957652,0.4542639590008375
sbert-tf-idf-top5,15,10,10,788,189523,79220,0.4574315114769558,-1.3920290801407367,0.46434168658677516,0.6485827576469839
sbert-tf-idf-top5,15,20,10,460,179528,75118,0.45963328183610463,-1.2234713656697793,0.47491203811453525,0.6232617896009673
sbert-tf-idf-top5,15,20,20,332,174636,71052,0.4453761893643709,-1.1312166197238722,0.4704724409448819,0.6061287400886657
sbert-tf-idf-top5,15,50,10,230,172900,68694,0.426421319675174,-1.0200174012023533,0.4824673313928284,0.6076128843175851
sbert-tf-idf-top5,15,50,25,198,163613,66726,0.42103456599644,-0.9822845476141413,0.46845194018633746,0.5794581448053128
sbert-tf-idf-top5,15,50,50,176,169493,65536,0.43741543105902303,-0.9572655269516875,0.45106263982102907,0.586697114288634
sbert-tf-idf-top5,15,100,1,205,160879,66648,0.41909335629218436,-0.9563822016576574,0.46858080966851795,0.5690585697423582
sbert-tf-idf-top5,15,100,10,145,168864,63361,0.39410455765630537,-0.8735721500817979,0.48164322465998444,0.5982850798800028
sbert-tf-idf-top5,15,100,50,130,165443,62710,0.3915582221394395,-0.8721892124772409,0.466309628975265,0.5850679814848928
sbert-tf-idf-top5,15,100,100,113,160388,61429,0.3654613627538413,-0.8008091663108458,0.4584051633519741,0.5689535363052823
sbert-tf-idf-top5,20,10,10,696,189775,77048,0.45764959637019065,-1.3700340649649585,0.45463371158467686,0.6466757889879792
sbert-tf-idf-top5,20,20,10,432,189483,74530,0.4542139246869705,-1.207961695944037,0.46047227136374125,0.6469512821120298
sbert-tf-idf-top5,20,20,20,307,178515,69653,0.4453677543176223,-1.1159681257444567,0.4607673740717781,0.6152014029876686
sbert-tf-idf-top5,20,50,10,242,189894,69008,0.432796501186871,-1.055410978800265,0.45330459770114945,0.6455064980045497
sbert-tf-idf-top5,20,50,25,182,168151,65716,0.4148335835964823,-0.9945851765785256,0.4659656889872717,0.5890539311599196
sbert-tf-idf-top5,20,50,50,155,139696,64382,0.4244481402054345,-0.9257715504777647,0.4146459050502829,0.4936183120610402
sbert-tf-idf-top5,20,100,1,204,166049,66475,0.3986380202254198,-0.9259418980527715,0.4715297886759904,0.5868477280666835
sbert-tf-idf-top5,20,100,10,152,178992,63825,0.38120851862981237,-0.9356454118995912,0.4742821810874522,0.6240873627620531
sbert-tf-idf-top5,20,100,50,122,140742,62337,0.3935819293980261,-0.8461817565013693,0.41250712759891406,0.4938763619413855
sbert-tf-idf-top5,20,100,100,110,150644,61627,0.3802419160633035,-0.8126444719766197,0.4162712861819118,0.5193051387556848
sbert-tf-idf-weighted,5,10,10,1968,161481,None,None,None,0.41504787012626615,0.5500167418137117
sbert-tf-idf-weighted,5,20,10,1132,159361,None,None,None,0.41075549472410994,0.5420004432764461
sbert-tf-idf-weighted,5,20,20,857,159629,93559,0.46603409804430634,-1.3834588767726788,0.4050677823278092,0.5399965510685055
sbert-tf-idf-weighted,5,50,10,506,142757,84328,0.435364386677256,-1.1575475480993995,0.449954173758823,0.5159836156315731
sbert-tf-idf-weighted,5,50,25,402,135303,77533,0.4361400583070901,-1.1132409535150423,0.4496830177552181,0.5012560403328506
sbert-tf-idf-weighted,5,50,50,299,123437,71153,0.4123460381887504,-1.0180786854983448,0.43581306456556623,0.470956585756293
sbert-tf-idf-weighted,5,100,1,340,115603,72972,0.4102907846022162,-0.9792510970904733,0.4437847759995411,0.4580314752544721
sbert-tf-idf-weighted,5,100,10,260,122547,68639,0.4101501025965113,-0.9647428939722277,0.44763686454086854,0.47260919660626377
sbert-tf-idf-weighted,5,100,50,188,107362,64317,0.41043296353419734,-0.8776696664203475,0.40918836841984785,0.428695205969195
sbert-tf-idf-weighted,5,100,100,181,124859,63432,0.4027455215867357,-0.8920792820691749,0.4443037406259823,0.4816614080607422
sbert-tf-idf-weighted,10,10,10,1060,163933,None,None,None,0.4512774564904564,0.5712799079495076
sbert-tf-idf-weighted,10,20,10,635,160890,82512,0.47422632112587615,-1.3067066037474175,0.45580312008088153,0.5645391144237196
sbert-tf-idf-weighted,10,20,20,465,150212,75918,0.4575584015630173,-1.174811864296898,0.4614003192621497,0.5442647034273217
sbert-tf-idf-weighted,10,50,10,316,146732,72341,0.4274195240035532,-1.0480535220679077,0.4614708121963514,0.5346581836118751
sbert-tf-idf-weighted,10,50,25,260,134451,69191,0.42572760244189095,-0.9843918007531381,0.4878576693069122,0.5248100950562451
sbert-tf-idf-weighted,10,50,50,227,137350,67071,0.41872265778752565,-0.9639692870131565,0.4818589907847659,0.528193197267667
sbert-tf-idf-weighted,10,100,1,243,125834,67442,0.4117834718467232,-0.910631004661298,0.47123807759977776,0.49592930982713507
sbert-tf-idf-weighted,10,100,10,200,141507,65053,0.40318662072242095,-0.9167987226167396,0.4813163799551234,0.5352751829298644
sbert-tf-idf-weighted,10,100,50,174,134789,63714,0.38797089498641385,-0.8869475202825825,0.47403421352425235,0.5183772796007239
sbert-tf-idf-weighted,10,100,100,145,125287,62259,0.4278169162382225,-0.8080267407382564,0.4797414485985262,0.5002224217610861
sbert-tf-idf-weighted,15,10,10,871,171902,82743,0.4830262820042447,-1.4043337810830347,0.4518023321000112,0.5927706964303404
sbert-tf-idf-weighted,15,20,10,503,156945,77465,0.45765542896302863,-1.2247376479775915,0.4868988085635932,0.5722340285328326
sbert-tf-idf-weighted,15,20,20,390,151173,72884,0.4549555869871868,-1.1371015069845252,0.4735251086535565,0.5522000271329143
sbert-tf-idf-weighted,15,50,10,266,143514,69943,0.4180175051527816,-1.0125983484612489,0.48924480587097735,0.543791590208418
sbert-tf-idf-weighted,15,50,25,250,149099,68490,0.4179644128418518,-0.9854568227657843,0.4852570643233451,0.5544072201870536
sbert-tf-idf-weighted,15,50,50,218,141563,66837,0.43384423388669846,-0.9594601559300621,0.48512665582151987,0.5381069641854767
sbert-tf-idf-weighted,15,100,1,225,134190,66895,0.39414058122533646,-0.9200049831460705,0.4866217388403283,0.522073194259208
sbert-tf-idf-weighted,15,100,10,172,136439,64046,0.3961377669706568,-0.8798811755354918,0.48852374222985767,0.529697898567354
sbert-tf-idf-weighted,15,100,50,162,138939,63146,0.4124123939712415,-0.8807177013369428,0.4800548385571787,0.5296979982700594
sbert-tf-idf-weighted,15,100,100,129,110520,61633,0.3962670242680163,-0.7957354746647722,0.4407728887361063,0.4539901154004946
sbert-tf-idf-weighted,20,10,10,790,180027,80866,0.46918301339359375,-1.3587997078288585,0.4562382492291494,0.6190076105487263
sbert-tf-idf-weighted,20,20,10,468,166074,75993,0.46956484845195956,-1.2092286323454728,0.4853847584795684,0.5948197620704672
sbert-tf-idf-weighted,20,20,20,383,163967,72610,0.4678716803921832,-1.1445014513853207,0.4810856351928748,0.587676203711605
sbert-tf-idf-weighted,20,50,10,252,151942,68894,0.4291495418157466,-0.994134386808722,0.478093634794468,0.5558730366064722
sbert-tf-idf-weighted,20,50,25,230,152597,67354,0.42767366094597137,-0.9877397927627314,0.47756570613470156,0.5568913941515232
sbert-tf-idf-weighted,20,50,50,202,147752,65994,0.4151130566084215,-0.9374376562207318,0.4861700203027318,0.5527140996880439
sbert-tf-idf-weighted,20,100,1,209,133934,65935,0.4186424202351035,-0.8998143287253845,0.4797410330324654,0.5143053224922269
sbert-tf-idf-weighted,20,100,10,168,149785,63568,0.4022784131469311,-0.9074824529179447,0.4840257738889406,0.5559251102218278
sbert-tf-idf-weighted,20,100,50,152,144955,62669,0.40019113156790903,-0.8715820266453586,0.4843768274141359,0.5460611069249653
sbert-tf-idf-weighted,20,100,100,138,141721,62147,0.3785850795147802,-0.8327967258797867,0.4818166441136671,0.538063556478929
tfidf-spacy,20,10,10,1795,122619,None,None,None,0.5794042630715978,0.5516079129540485
tfidf-spacy,20,20,10,1316,120519,None,None,None,0.5831613041002278,0.55383567313994
tfidf-spacy,20,20,20,1130,118965,None,None,None,0.5810840235861793,0.5544058142831371
tfidf-spacy,20,50,10,718,110459,94403,0.5025479438318157,-1.3921573498232365,0.5956792366005473,0.5554593909064423
tfidf-spacy,20,50,25,661,110827,90900,0.5040532918427315,-1.387998159534723,0.59632025067288,0.5596885333333333
tfidf-spacy,20,50,50,599,114948,87362,0.500175519151488,-1.355878216252088,0.5999918273945734,0.570627707825616
tfidf-spacy,20,100,1,500,106795,79797,0.46826244637755965,-1.304517311217416,0.6027045764238073,0.5636243426255223
tfidf-spacy,20,100,10,447,107348,77295,0.4674553207677646,-1.2715194997946575,0.6067576722708052,0.5649145217261715
tfidf-spacy,20,100,50,386,103489,73511,0.47804176522724745,-1.2168635385794557,0.6114031299790044,0.5691213625607909
tfidf-spacy,20,100,100,348,106281,71017,0.4793188322212869,-1.2096400842913715,0.6096710170205089,0.5756316789012749
tfidf,15,10,10,2192,115298,None,None,None,0.5443841204465508,0.5128599346120718
tfidf,15,20,10,1490,109817,None,None,None,0.5505168823441916,0.5122009779251181
tfidf,15,20,20,1305,111618,None,None,None,0.5472612430987766,0.5170802346191093
tfidf,5,10,10,3166,101038,None,None,None,0.45381042291698037,0.4289288163195337
tfidf,5,20,10,1990,99607,None,None,None,0.4673077782245454,0.4377862089092887
tfidf,5,20,20,1701,100783,None,None,None,0.4605026733280743,0.438838919404826
tfidf,5,50,10,978,94076,110340,0.5267454030326351,-1.5165243018362817,0.45542467204188275,0.43461069302017863
tfidf,5,50,25,897,96726,105058,0.519464475741218,-1.5006014074706477,0.46629932598651974,0.44502318652783657
tfidf,5,50,50,810,102580,99453,0.5168316413759978,-1.4725926062679822,0.45269282288822765,0.4488319547911646
tfidf,5,100,1,603,86810,85752,0.5026818672806822,-1.3274472521969305,0.44058439747950706,0.42584487706187163
tfidf,5,100,10,557,90334,82721,0.4978423866583282,-1.329377287680488,0.4481474997466115,0.4337381616723262
tfidf,5,100,50,492,94265,78611,0.4953706501457939,-1.3001969719069104,0.4542005469965836,0.44431364014087293
tfidf,5,100,100,446,102057,75829,0.4795252914124492,-1.2498368431923788,0.4459765325353006,0.45327267717030295
tfidf,10,10,10,2521,108449,None,None,None,0.5086137254109949,0.47915810045326357
tfidf,10,20,10,1658,103430,None,None,None,0.5185460223161583,0.4817581846276783
tfidf,10,20,20,1428,103625,None,None,None,0.5211320436238149,0.48683400392330933
tfidf,10,50,10,880,98508,104793,0.5299000467733556,-1.5049237269684375,0.5147262075668542,0.4813766821483863
tfidf,10,50,25,821,102868,100506,0.530831881070921,-1.4855023011510653,0.5201709834258138,0.49283693210126056
tfidf,10,50,50,735,105518,94970,0.5221080426742627,-1.4513354715591449,0.5188964062272661,0.49809747805230187
tfidf,10,100,1,554,91551,83276,0.497981553958419,-1.349172566627884,0.5107069693549061,0.48009960888305936
tfidf,10,100,10,498,95789,79790,0.4981518588486781,-1.3142318573402207,0.5178421232334841,0.4895875943624261
tfidf,10,100,50,434,100864,75303,0.47906309259487106,-1.2739114865779813,0.5230006419569551,0.5022405514640254
tfidf,10,100,100,387,104238,72633,0.4848964000264448,-1.2505403010551717,0.5202090328444119,0.5072472898600943
tfidf,15,50,10,799,108555,99408,0.5270219424166368,-1.4729911277407413,0.5443337439962862,0.5148973545647751
tfidf,15,50,25,728,110421,95244,0.5206964855426351,-1.4483042189736586,0.5446418215397792,0.5200157039002532
tfidf,15,50,50,625,108128,89297,0.5207369789340232,-1.3887263403815926,0.5508341309995898,0.5241505714884566
tfidf,15,100,1,534,102198,82473,0.5024225134835089,-1.3402623633479436,0.5394382877929109,0.511261589464289
tfidf,15,100,10,478,105028,79168,0.5003843294445264,-1.3167794953746639,0.5446919172853487,0.5164858778813912
tfidf,15,100,50,420,107763,75251,0.501346960830788,-1.2524888142551933,0.5478500689482262,0.5263276377295861
tfidf,15,100,100,375,111247,72815,0.47693981750584313,-1.2199155902002412,0.5504174963605026,0.5345920431557654
tfidf,20,10,10,1975,124230,None,None,None,0.5530540110797152,0.534348669960056
tfidf,20,20,10,1397,118391,None,None,None,0.5579008391701434,0.5314841669996543
tfidf,20,20,20,1209,117410,None,None,None,0.5531663252002235,0.5292133827667843
tfidf,20,50,10,743,115244,96746,0.518568274394874,-1.4101382382612924,0.5516658879344427,0.5302491103202847
tfidf,20,50,25,677,114138,92655,0.5214125319416315,-1.4124749511374453,0.5603280243032995,0.5359742163868598
tfidf,20,50,50,597,115866,87510,0.5064140579649065,-1.3743707324143843,0.5573038616110432,0.5377032462749985
tfidf,20,100,1,493,102837,80190,0.5061040509507159,-1.296584148442969,0.5583917427966205,0.5233974058864708
tfidf,20,100,10,438,106867,76580,0.47882348114436496,-1.2881181794112864,0.562393120231518,0.5315956876630965
tfidf,20,100,50,398,112509,74213,0.48743022279034165,-1.2472905973218957,0.5615920198165629,0.5405536395068566
tfidf,20,100,100,361,120966,71909,0.47165938610870184,-1.233164878630556,0.5605588829397807,0.556373966809353
use-default,5,10,10,2320,168449,None,None,None,0.4666711238884803,0.5887086124781012
use-default,5,20,10,1185,157924,None,None,None,0.4798684298852118,0.566783101903889
use-default,5,20,20,851,156391,91532,0.47840822121422655,-1.364592225931852,0.5224135648699713,0.5895652319839568
use-default,5,50,10,468,142916,82368,0.45471798916410083,-1.1698571159745126,0.5102958879807388,0.5520047000346585
use-default,5,50,25,365,140735,76254,0.4396967659813238,-1.11981821477673,0.519945088046774,0.5521259868653051
use-default,5,50,50,305,142972,72900,0.41742743216724815,-1.0786513730758187,0.48969383013850304,0.5432396306730551
use-default,5,100,1,344,134310,74218,0.41485452106804305,-1.0177534464134492,0.5051025635771225,0.5330478866410082
use-default,5,100,10,257,131986,69503,0.3983562955326792,-1.015306514651238,0.5310381750043103,0.5460409317210475
use-default,5,100,50,189,126356,65686,0.3878054858754316,-0.9148234609002925,0.5184216643421664,0.5317742755465176
use-default,5,100,100,144,119373,63306,0.36750016651197737,-0.810731973657466,0.5345928358758709,0.5374310290822351
use-default,10,10,10,1389,165258,None,None,None,0.5296992624376372,0.6121376050852622
use-default,10,20,10,764,155334,86995,0.47853364327598374,-1.3329103146068493,0.5369704479824746,0.595294646689696
use-default,10,20,20,600,162100,81824,0.4734486426220888,-1.268827990207626,0.5072467180785306,0.5930214586688792
use-default,10,50,10,345,141428,74993,0.43948924855711957,-1.1125263827119427,0.5473178376541229,0.5713589730056717
use-default,10,50,25,321,153931,73533,0.451101729361449,-1.093800404725219,0.5423541781613384,0.5960473545887818
use-default,10,50,50,265,148088,70031,0.44006580723414657,-1.058497911621321,0.5483801926257418,0.5896834325567616
use-default,10,100,1,265,129448,69086,0.4033820809097072,-0.9930455361518054,0.5420984109432684,0.5464626229208402
use-default,10,100,10,212,136431,66709,0.41329451284004715,-0.9816159186358056,0.5546925796941384,0.5700552334501526
use-default,10,100,50,183,145104,64917,0.4023109428902389,-0.9487210032235454,0.5649402241477618,0.5997290890619709
use-default,10,100,100,145,133044,62970,0.41184654031625345,-0.8646627493574925,0.5593822238600958,0.5736304025385818
use-default,15,10,10,1180,176946,None,None,None,0.5136998780675814,0.6331520199444728
use-default,15,20,10,680,174619,84188,0.4852467338151264,-1.3000674558991059,0.5272177820191658,0.6356344610587144
use-default,15,20,20,506,167956,77878,0.4800446098943414,-1.223358128181628,0.5156337742093504,0.6117733028259281
use-default,15,50,10,339,157403,74676,0.44602221072846626,-1.1239316913741553,0.5537472137196975,0.6102656806792595
use-default,15,50,25,274,146213,70716,0.46205767644508383,-1.0607845240705989,0.5531898971000936,0.5896914907971078
use-default,15,50,50,222,143338,67768,0.43299357591537607,-1.004638610425897,0.5369265992778477,0.574759869188518
use-default,15,100,1,254,133453,69090,0.41735796324855723,-0.9815280282507027,0.5602843252666673,0.5672235644465956
use-default,15,100,10,197,151287,65740,0.3958920563769792,-0.9731414050753963,0.558047194443076,0.6008288829550512
use-default,15,100,50,152,141350,63609,0.3853122883272801,-0.8968524518074261,0.5450802364864865,0.5793298090510811
use-default,15,100,100,118,131381,61967,0.4049523355405582,-0.8078688724200688,0.5644785256613589,0.5765513802814707
use-default,20,10,10,1013,179619,None,None,None,0.523288361417455,0.6469775875941189
use-default,20,20,10,637,176330,82134,0.47881803968846914,-1.2832249706508845,0.5195758240886432,0.6357236868344435
use-default,20,20,20,471,169874,76619,0.4625296360997777,-1.2202410307540124,0.5276221934989708,0.6229952778757974
use-default,20,50,10,297,150140,72539,0.4468559014783447,-1.0743981629858803,0.5403398969717395,0.5920147400718025
use-default,20,50,25,252,151859,69549,0.4412377235512428,-1.0579245690448336,0.5374561994280305,0.5920767918627792
use-default,20,50,50,206,139269,67011,0.44652428977890346,-1.0086474944329498,0.5158702357253317,0.5547402648280185
use-default,20,100,1,224,132618,67834,0.4213541543996853,-0.9358978997317282,0.5639531864060525,0.5672924421427415
use-default,20,100,10,183,143406,65573,0.4047648855588504,-0.941542021745489,0.5389743086354754,0.5796753943577266
use-default,20,100,50,147,144270,63376,0.3979652909001198,-0.8854790147734876,0.5424736922373037,0.5807214247844954
use-default,20,100,100,117,138515,61770,0.39753597320337586,-0.8395335711790337,0.5451285066353099,0.5765389978111685
use-lexrank-top1,15,10,10,1024,176210,None,None,None,0.33972135131625325,0.5731905523370121
use-lexrank-top1,15,20,10,621,169745,81740,0.458193649522129,-1.3348503098169975,0.34932138621689285,0.5546628282299573
use-lexrank-top1,15,20,20,463,151009,75624,0.4606266851068894,-1.177386872977535,0.31556680570905676,0.47647468459885417
use-lexrank-top1,15,50,10,349,163865,74420,0.4308274695354239,-1.067942127044356,0.3285389518729291,0.5251793244359432
use-lexrank-top1,15,50,25,258,141003,69263,0.43219860147312744,-0.9399649284668636,0.3245257381761171,0.4542386695022094
use-lexrank-top1,15,50,50,212,140589,66697,0.42098809765219625,-0.8669243024476072,0.3303192245951273,0.4566164210384843
use-lexrank-top1,15,100,1,270,144281,69384,0.4039567186836927,-0.886062410443794,0.3281546608052753,0.46618786855738187
use-lexrank-top1,15,100,10,207,154798,66038,0.3975056757486494,-0.8188901905365124,0.3643707858088096,0.5121337261410077
use-lexrank-top1,15,100,50,156,143121,63031,0.40310406236552854,-0.7534481497029362,0.3078570098678086,0.4523046008289027
use-lexrank-top1,15,100,100,129,137992,61726,0.4220345538903788,-0.6776198560664112,0.30071506295662986,0.4346416801723168
use-lexrank-top1,20,10,10,873,161017,82668,0.46309475109277015,-1.4247555283607394,0.3036700445016353,0.5036261561038873
use-lexrank-top1,20,20,10,528,152389,78107,0.46037880687190785,-1.2291499391103204,0.3280044624842745,0.487449093557442
use-lexrank-top1,20,20,20,441,167588,74750,0.440262596982629,-1.181737401057342,0.34190212318314495,0.5434464774281805
use-lexrank-top1,20,50,10,274,145308,70390,0.43726607540428436,-0.9506025699690284,0.3156689851580043,0.45888043349017343
use-lexrank-top1,20,50,25,234,145740,68258,0.4300402574362285,-0.9033279602842852,0.32541671554564944,0.4654376913720062
use-lexrank-top1,20,50,50,190,143712,65502,0.4304072387422827,-0.8626631076248712,0.31940090560780215,0.4585885231168658
use-lexrank-top1,20,100,1,240,143090,67833,0.4126013592331112,-0.8267726888391432,0.34496834388537156,0.4714755084262334
use-lexrank-top1,20,100,10,166,137125,64008,0.413195540961915,-0.7408515127664193,0.337010415138624,0.44766931995082265
use-lexrank-top1,20,100,50,129,136533,61769,0.4192980846550838,-0.6704043467990448,0.32485870330548633,0.44231352366235915
use-lexrank-top1,20,100,100,118,137751,61372,0.41682287336973395,-0.6298271823437928,0.34141808645119903,0.45565924290844395
use-lexrank-top5,15,10,10,1107,160424,None,None,None,0.28465858271872846,0.5088817206191275
use-lexrank-top5,15,20,10,676,160709,84450,0.4565236958940141,-1.3557741977408413,0.2893630545643663,0.5116693686174606
use-lexrank-top5,15,20,20,560,157444,80595,0.4500152000593857,-1.2797936905949467,0.29097382368410407,0.5035131852879945
use-lexrank-top5,15,50,10,372,149258,76386,0.4264806079591629,-1.138726274118392,0.29686631713740363,0.47971361414960806
use-lexrank-top5,15,50,25,305,133281,72403,0.41342276953769747,-1.072587208114967,0.29248460208137383,0.4304462509729309
use-lexrank-top5,15,50,50,276,140985,70569,0.42067579692792545,-1.0211966324305717,0.26938563587428743,0.43810945698076187
use-lexrank-top5,15,100,1,283,131438,70290,0.40575676471861816,-0.9799093535717586,0.2889607570758812,0.42465894858753767
use-lexrank-top5,15,100,10,230,142580,67826,0.3808709960221209,-0.9659014452518953,0.29147428970605893,0.45656247721883214
use-lexrank-top5,15,100,50,189,135696,65086,0.40351889991463663,-0.8898121749061291,0.28365493869243463,0.4318759639993898
use-lexrank-top5,15,100,100,159,137316,63104,0.3729968935734145,-0.8281452547875614,0.29358623268222195,0.4463713221712194
use-lexrank-top5,20,10,10,1010,165575,None,None,None,0.27894901470128247,0.5222003327204273
use-lexrank-top5,20,20,10,674,166743,84322,0.47569090093336275,-1.3465506746204343,0.2852298067393459,0.5266845635251599
use-lexrank-top5,20,20,20,546,160540,80434,0.4721977134531808,-1.254143010675626,0.29657320872274145,0.5125517955801105
use-lexrank-top5,20,50,10,352,151167,75254,0.42665142948934276,-1.1089644706856734,0.2906090586825756,0.47944381713801176
use-lexrank-top5,20,50,25,312,147368,72732,0.4199020847414342,-1.074116028539678,0.2958233328357009,0.47098866450181215
use-lexrank-top5,20,50,50,273,147209,70475,0.41971358169372763,-1.0158358940506826,0.2723792963280791,0.45819298297910394
use-lexrank-top5,20,100,1,289,140051,71294,0.40982901045186365,-0.9993412494133475,0.2881336204388058,0.4471903422597228
use-lexrank-top5,20,100,10,228,151085,67696,0.4096033295099043,-0.9592408192941956,0.2859704115314288,0.4780168661124294
use-lexrank-top5,20,100,50,177,139598,64551,0.3735639507913241,-0.856730321917961,0.2964286081970082,0.4526440259888873
use-lexrank-top5,20,100,100,145,138498,62587,0.38898962755764444,-0.7872727488367759,0.2962209098292441,0.4506072499410437
use-lexrank-weighted,15,10,10,1023,165425,None,None,None,0.33088592485669477,0.5459941531601281
use-lexrank-weighted,15,20,10,642,163991,81318,0.46501713601587025,-1.2645450689300919,0.33169486718971547,0.5426014078087811
use-lexrank-weighted,15,20,20,519,160937,77667,0.47200581784131895,-1.231039985033233,0.33601255406284686,0.5366624552448991
use-lexrank-weighted,15,50,10,316,152270,72893,0.4218220825570646,-1.0604055890872357,0.33629643276604565,0.5112031173891866
use-lexrank-weighted,15,50,25,265,144103,69973,0.4216335675388362,-1.0234084003118498,0.3375838370456239,0.4892251356502663
use-lexrank-weighted,15,50,50,243,153640,68669,0.42420172009739915,-1.0080271215858194,0.3337696484059324,0.5160248147624552
use-lexrank-weighted,15,100,1,248,140402,68598,0.4131923211717253,-0.9717887526715161,0.3292932321166633,0.4743344742142308
use-lexrank-weighted,15,100,10,197,147651,65776,0.3900143187080879,-0.9309439085251564,0.33436723224900033,0.498007801557803
use-lexrank-weighted,15,100,50,161,146824,63631,0.3885118539164424,-0.8785905311812297,0.3290107330584495,0.4938873176355448
use-lexrank-weighted,15,100,100,146,147573,62863,0.38360710947242527,-0.865587195427879,0.3285937483615926,0.49675972392600026
use-lexrank-weighted,20,10,10,958,170818,84523,0.48507083652125704,-1.3788106329892837,0.3283038196985219,0.5628568187833188
use-lexrank-weighted,20,20,10,567,159346,79155,0.4747750639208288,-1.222882405327675,0.33484933909666104,0.5290175759764199
use-lexrank-weighted,20,20,20,477,163184,75861,0.46134496045323836,-1.1679222166883827,0.3345990907212234,0.5421593218782736
use-lexrank-weighted,20,50,10,301,152277,72193,0.4374563671819383,-1.048163361203984,0.33648048238654393,0.5102574164836725
use-lexrank-weighted,20,50,25,251,147466,69128,0.41171034612018753,-1.0097266156566262,0.3321658472842561,0.4954560613640153
use-lexrank-weighted,20,50,50,237,154875,68214,0.4152947339481069,-1.0103264054907704,0.32444160962219665,0.5122093504344228
use-lexrank-weighted,20,100,1,238,139242,68416,0.41052881783470124,-0.9348688748221958,0.331789802289282,0.4716944105526309
use-lexrank-weighted,20,100,10,186,148863,65195,0.3906180441306878,-0.9250200548310433,0.33735744208837243,0.501925902559292
use-lexrank-weighted,20,100,50,158,153003,63532,0.34564152982999546,-0.8819027611740081,0.33666186449065777,0.5173030878977118
use-lexrank-weighted,20,100,100,137,149190,62460,0.3776688887401792,-0.8195336299143416,0.33282915736548935,0.5051285935983687
use-mean,15,10,10,958,175245,83724,0.48552799963033366,-1.4386923100781026,0.4641265154311348,0.6073749606344299
use-mean,15,20,10,555,165079,79153,0.49037909012814584,-1.2479743889587587,0.48754171030518545,0.594853201201543
use-mean,15,20,20,442,159221,74949,0.48847235598882427,-1.1852265666438313,0.4945340149429807,0.5842445629739945
use-mean,15,50,10,282,150523,70903,0.45644543790646513,-1.0612005125265285,0.4876217427677308,0.5591475124953815
use-mean,15,50,25,263,153819,69982,0.4464947787498202,-1.0671054777378315,0.5080278577088285,0.5817192451858882
use-mean,15,50,50,217,152398,67165,0.435039150366778,-0.9884200204175575,0.4974232877414067,0.5714170931792799
use-mean,15,100,1,208,132104,66243,0.40102752648185974,-0.8971376439022037,0.5209729506058453,0.546442247383884
use-mean,15,100,10,174,141971,64742,0.4304281355108006,-0.9107905788492625,0.5172000223135425,0.5622920279562711
use-mean,15,100,50,143,143597,62770,0.40339210743227316,-0.8821990932543337,0.5114553744954403,0.5631325474986578
use-mean,15,100,100,117,131022,61376,0.39402644103953693,-0.7739315854086832,0.4972891741321621,0.532751753312255
use-mean,20,10,10,784,164685,78874,0.4673073274204041,-1.3675477401413312,0.49591140990797694,0.5960570232505515
use-mean,20,20,10,478,164395,75451,0.47512949142806615,-1.2584027840320937,0.49630430649301266,0.5946765049359718
use-mean,20,20,20,376,153545,71768,0.4555475889855181,-1.1656185093969813,0.5123857450960255,0.5822154434930205
use-mean,20,50,10,235,144317,68621,0.4318117696486221,-1.0118646434525176,0.5184304064092679,0.5649683340209984
use-mean,20,50,25,199,141705,66182,0.43905274979025266,-0.9601082768461996,0.5240661705697819,0.5664410999569083
use-mean,20,50,50,182,145783,65228,0.42422532729351814,-0.9446470993801227,0.5202689322860188,0.572839043973857
use-mean,20,100,1,203,140046,66495,0.4232314988317401,-0.9242532976568965,0.5159852429320663,0.5538524439356461
use-mean,20,100,10,160,147992,64111,0.4075862844168975,-0.9051256490389084,0.512982590763033,0.5691354290217556
use-mean,20,100,50,125,137174,61854,0.3889383698154891,-0.8184367347432907,0.5267951907852383,0.5613033829413215
use-mean,20,100,100,111,135007,61156,0.39557163717470617,-0.774082495767248,0.5188489281982005,0.552814428285153
use-tf-idf-top5,15,10,10,739,173283,77376,0.4836807402483351,-1.3257271889723639,0.37018742991402787,0.5639598924417663
use-tf-idf-top5,15,20,10,416,160302,73350,0.47693344714534086,-1.1446727636101826,0.3955706984667802,0.5370900446341936
use-tf-idf-top5,15,20,20,312,148997,69466,0.46522698446752536,-1.0665253306603621,0.3847695794510199,0.4977724593504152
use-tf-idf-top5,15,50,10,222,150589,67948,0.4323192170800837,-0.9742888848849701,0.3973080097408883,0.51220732278001
use-tf-idf-top5,15,50,25,188,148560,65667,0.4146961781128122,-0.9527911239924035,0.38788223666476984,0.501649765644538
use-tf-idf-top5,15,50,50,156,146495,63944,0.420259940080333,-0.8406704395848413,0.41416350733936036,0.513590268587312
use-tf-idf-top5,15,100,1,186,143857,65402,0.41397642478007696,-0.8629484929776748,0.39779961181451573,0.49770503160994195
use-tf-idf-top5,15,100,10,130,142614,62252,0.3805362328847046,-0.8042377382191818,0.395729184219888,0.4907365330866829
use-tf-idf-top5,15,100,50,119,147638,61617,0.405306928557864,-0.731052347879402,0.4138266891332509,0.5164122642152128
use-tf-idf-top5,15,100,100,105,148130,60898,0.38728767553423527,-0.7238516590546047,0.40096077017519927,0.5101517563578474
use-tf-idf-top5,20,10,10,666,184270,75574,0.47357441285066054,-1.3481228978163011,0.3739078724669503,0.601683971695115
use-tf-idf-top5,20,20,10,390,173755,72063,0.4534333207099913,-1.1632742123690436,0.3996715064713225,0.5795675271351186
use-tf-idf-top5,20,20,20,309,170156,69330,0.45835685800382997,-1.1205498997780037,0.4063880478483149,0.5724443767876743
use-tf-idf-top5,20,50,10,216,161310,66977,0.4091859202946407,-0.9633135529508456,0.40847105572112347,0.5491322979545445
use-tf-idf-top5,20,50,25,170,152722,65003,0.4257718914262639,-0.9244738360907803,0.3980283677789481,0.5200323625891673
use-tf-idf-top5,20,50,50,147,152042,63837,0.4206799958288546,-0.835001422413989,0.38997443480876237,0.5118993536251982
use-tf-idf-top5,20,100,1,149,132123,63714,0.3904255176549697,-0.7633361840048203,0.395582824246052,0.4686362226322062
use-tf-idf-top5,20,100,10,126,159325,61802,0.3601249656386968,-0.7693121822364021,0.40943465730568374,0.5442103626075201
use-tf-idf-top5,20,100,50,103,144677,61192,0.388656510336388,-0.6962481731920948,0.4070196012732451,0.5054327284590626
use-tf-idf-top5,20,100,100,98,149071,60786,0.379606041633672,-0.7108296645006079,0.39153963928396035,0.5071767678169855
use-tf-idf-weighted,15,10,10,885,171557,81811,0.5125481321347017,-1.4132688010439907,0.4154494826668202,0.5789938658487799
use-tf-idf-weighted,15,20,10,553,164910,78389,0.5111805144998578,-1.255880726205551,0.4219884504582013,0.5636775588259749
use-tf-idf-weighted,15,20,20,384,115783,72914,0.525486547329541,-1.107956643094979,0.4055991627420199,0.43332461943735046
use-tf-idf-weighted,15,50,10,302,158141,71883,0.4895861372282525,-1.0637968487711746,0.42434859029476735,0.5460152686933792
use-tf-idf-weighted,15,50,25,262,153966,69264,0.47862584133032127,-1.044705363548647,0.4258329633803458,0.5371147500155656
use-tf-idf-weighted,15,50,50,189,102069,66014,0.45567934312462155,-0.924577090718294,0.40666689296989034,0.41687879774960085
use-tf-idf-weighted,15,100,1,237,136939,67814,0.4764751031651302,-0.9277624325853926,0.41619169118706145,0.4884067848921696
use-tf-idf-weighted,15,100,10,185,150470,64500,0.45619004957046766,-0.9460176954855488,0.41973885911220793,0.5245086676490555
use-tf-idf-weighted,15,100,50,135,100334,62513,0.4247451871883055,-0.835469876589018,0.4081818060361528,0.41765689604696954
use-tf-idf-weighted,15,100,100,151,151837,62804,0.4332833651860442,-0.8871645496437494,0.4156659034947514,0.5287956610458981
use-tf-idf-weighted,20,10,10,765,173416,79273,0.504921562823311,-1.3407126369619249,0.44106357344988933,0.5949383192297906
use-tf-idf-weighted,20,20,10,492,173609,76178,0.5112696516036053,-1.210312408582415,0.40573718085333105,0.5791991765311374
use-tf-idf-weighted,20,20,20,404,165925,72971,0.4951046921492162,-1.159203356153282,0.409231208175546,0.5608116483353028
use-tf-idf-weighted,20,50,10,270,160523,69788,0.4594472287900907,-1.036211873256931,0.4111217016758563,0.5459308273654335
use-tf-idf-weighted,20,50,25,220,117088,67433,0.4638808790932914,-0.9906813379512236,0.39454208368503557,0.43121970418027095
use-tf-idf-weighted,20,50,50,185,112144,65946,0.4688043269084688,-0.9236563237750753,0.40796027000413854,0.43537569128866943
use-tf-idf-weighted,20,100,1,236,158101,67951,0.46056041501473194,-0.9544016817711414,0.4099717175709222,0.540570276739596
use-tf-idf-weighted,20,100,10,167,147824,63697,0.4368886849634168,-0.8890434486435806,0.43708931865762907,0.528623774821923
use-tf-idf-weighted,20,100,50,129,109917,62227,0.41143537925031126,-0.8311521092170253,0.40752256488721067,0.43374408411582616
use-tf-idf-weighted,20,100,100,148,160908,62889,0.4181939649335813,-0.8909018112073189,0.4126289790171049,0.552378288086666
